filename,categoria
dickjuice.mp3,Sexual Content
mick.mp3,Ethnic
shithead.mp3,Sexual Content
assjacker.mp3,Sexual Content
mothafucka.mp3,Sexual Content
shiznit.mp3,Vulgarities
camel toe.mp3,Sexual Content
chesticle.mp3,Sexual Content
wop.mp3,Ethnic
wankjob.mp3,Sexual Content
clitface.mp3,Sexual Content
douchebag.mp3,Disability
fucks.mp3,Sexual Content
asswad.mp3,Sexual Content
chode.mp3,Sexual Content
shitfaced.mp3,Sexual Content
kootch.mp3,Sexual Content
slut.mp3,Sexual Content
twatwaffle.mp3,Sexual Content
fucker.mp3,Sexual Content
asshat.mp3,Sexual Content
assclown.mp3,Sexual Content
cuntslut.mp3,Sexual Content
asshole.mp3,Sexual Content
honkey.mp3,Ethnic
shitbreath.mp3,Sexual Content
muff.mp3,Sexual Content
fucknutt.mp3,Sexual Content
cooter.mp3,Sexual Content
arse.mp3,Sexual Content
clit.mp3,Sexual Content
assmunch.mp3,Sexual Content
dicks.mp3,Sexual Content
ass-jabber.mp3,Sexual Content
axwound.mp3,Sexual Content
douche.mp3,Disability
shithole.mp3,Sexual Content
dago.mp3,Ethnic
blow job.mp3,Sexual Content
handjob.mp3,Sexual Content
dickweed.mp3,Sexual Content
gayfuckist.mp3,Sexual Content
tit.mp3,Sexual Content
niglet.mp3,Ethnic
cockshit.mp3,Sexual Content
fuckbutt.mp3,Sexual Content
nut sack.mp3,Sexual Content
cocksmoker.mp3,Sexual Content
slutbag.mp3,Sexual Content
faggit.mp3,Sexual Content
cumslut.mp3,Sexual Content
dyke.mp3,Sexual Content
gooch.mp3,Sexual Content
dickhole.mp3,Sexual Content
dick.mp3,Sexual Content
fuckass.mp3,Sexual Content
bampot.mp3,Disability
penis.mp3,Sexual Content
junglebunny.mp3,Sexual Content
puto.mp3,Sexual Content
dickhead.mp3,Sexual Content
asslick.mp3,Sexual Content
pussylicking.mp3,Sexual Content
prick.mp3,Sexual Content
skeet.mp3,Sexual Content
faggot.mp3,Sexual Content
coochie.mp3,Sexual Content
choad.mp3,Sexual Content
assnigger.mp3,Sexual Content
gaylord.mp3,Sexual Orientation
suckass.mp3,Sexual Content
fuckbrain.mp3,Sexual Content
cockfucker.mp3,Sexual Content
wetback.mp3,Ethnic
dumshit.mp3,Sexual Content
dicksucker.mp3,Sexual Content
asswipe.mp3,Sexual Content
penispuffer.mp3,Sexual Content
asshead.mp3,Sexual Content
assgoblin.mp3,Sexual Content
smeg.mp3,Sexual Content
faggotcock.mp3,Sexual Content
dickfucker.mp3,Sexual Content
jap.mp3,Ethnic
scrote.mp3,Sexual Content
bastard.mp3,Sexual Content
butt-pirate.mp3,Sexual Content
shitface.mp3,Sexual Content
pissed.mp3,Sexual Content
goddamn.mp3,Sexual Content
polesmoker.mp3,Sexual Content
queer.mp3,Sexual Content
feltch.mp3,Sexual Content
cuntass.mp3,Sexual Content
cockhead.mp3,Sexual Content
fudgepacker.mp3,Sexual Content
spook.mp3,Sexual Content
jerkass.mp3,Sexual Content
shitbagger.mp3,Sexual Content
dickmonger.mp3,Sexual Content
cockburger.mp3,Sexual Content
rimjob.mp3,Sexual Content
fag.mp3,Sexual Content
splooge.mp3,Sexual Content
cocksucker.mp3,Sexual Content
skank.mp3,Sexual Content
cumbubble.mp3,Sexual Content
shitbrains.mp3,Sexual Content
fuckhead.mp3,Sexual Content
muffdiver.mp3,Sexual Content
asscock.mp3,Sexual Content
dumbfuck.mp3,Sexual Content
fuckstick.mp3,Sexual Content
boner.mp3,Sexual Content
lameass.mp3,Sexual Content
cuntlicker.mp3,Sexual Content
shitting.mp3,Sexual Content
fucking.mp3,Sexual Content
unclefucker.mp3,Sexual Content
cumdumpster.mp3,Sexual Content
pecker.mp3,Sexual Content
fuckbag.mp3,Sexual Content
coochy.mp3,Sexual Content
vjayjay.mp3,Sexual Content
cockwaffle.mp3,Sexual Content
punta.mp3,Sexual Content
dumass.mp3,Sexual Content
ass-pirate.mp3,Sexual Content
sandnigger.mp3,Ethnic
kunt.mp3,Sexual Content
buttfucker.mp3,Sexual Content
dumbass.mp3,Sexual Content
dickweasel.mp3,Sexual Content
cockface.mp3,Sexual Content
shitspitter.mp3,Sexual Content
pussies.mp3,Sexual Content
carpetmuncher.mp3,Sexual Content
vagina.mp3,Sexual Content
ass.mp3,Sexual Content
dickfuck.mp3,Sexual Content
fuckbutter.mp3,Sexual Content
poon.mp3,Sexual Content
renob.mp3,Sexual Content
schlong.mp3,Sexual Content
niggers.mp3,Ethnic
cumguzzler.mp3,Sexual Content
fuckoff.mp3,Sexual Content
penisbanger.mp3,Sexual Content
cuntrag.mp3,Sexual Content
vag.mp3,Sexual Content
asspirate.mp3,Sexual Content
tittyfuck.mp3,Sexual Content
nigaboo.mp3,Ethnic
fellatio.mp3,Sexual Content
asshopper.mp3,Sexual Content
poontang.mp3,Sexual Content
spic.mp3,Ethnic
cockmonkey.mp3,Sexual Content
jungle bunny.mp3,Sexual Content
assshole.mp3,Sexual Content
fuckhole.mp3,Sexual Content
paki.mp3,Ethnic
poonani.mp3,Sexual Content
peckerhead.mp3,Sexual Content
lardass.mp3,Sexual Content
assfuck.mp3,Sexual Content
dickwad.mp3,Sexual Content
chink.mp3,Ethnic
gay.mp3,Sexual Orientation
pussy.mp3,Sexual Content
shitcanned.mp3,Sexual Content
motherfucking.mp3,Sexual Content
assmuncher.mp3,Sexual Content
assfucker.mp3,Sexual Content
assbanger.mp3,Sexual Content
douche-fag.mp3,Sexual Content
bitchass.mp3,Sexual Content
dickmilk.mp3,Sexual Content
cockbite.mp3,Sexual Content
jagoff.mp3,Sexual Content
homo.mp3,Sexual Orientation
heeb.mp3,Sexual Content
pissflaps.mp3,Sexual Content
goddamnit.mp3,Sexual Content
dickbag.mp3,Sexual Content
assbag.mp3,Sexual Content
humping.mp3,Sexual Content
kooch.mp3,Sexual Content
fuckface.mp3,Sexual Content
dickbeaters.mp3,Sexual Content
tits.mp3,Sexual Content
gaywad.mp3,Sexual Orientation
asscracker.mp3,Sexual Content
dick-sneeze.mp3,Sexual Content
flamer.mp3,Sexual Content
deggo.mp3,Ethnic
brotherfucker.mp3,Sexual Content
nigga.mp3,Ethnic
wank.mp3,Sexual Content
pissed off.mp3,Sexual Content
vajayjay.mp3,Sexual Content
munging.mp3,Sexual Content
cockjockey.mp3,Sexual Content
shitass.mp3,Sexual Content
dickwod.mp3,Sexual Content
cum.mp3,Sexual Content
cocksniffer.mp3,Sexual Content
panooch.mp3,Sexual Content
doochbag.mp3,Sexual Content
shitter.mp3,Sexual Content
bitch.mp3,Sexual Content
minge.mp3,Sexual Content
gringo.mp3,Ethnic
dildo.mp3,Sexual Content
assbandit.mp3,Sexual Content
gaybob.mp3,Sexual Orientation
lesbo.mp3,Sexual Orientation
penisfucker.mp3,Sexual Content
douchewaffle.mp3,Disability
shitdick.mp3,Sexual Content
bitches.mp3,Sexual Content
kraut.mp3,Ethnic
assface.mp3,Sexual Content
shitty.mp3,Sexual Content
dumb ass.mp3,Sexual Content
cockmongler.mp3,Sexual Content
cockknoker.mp3,Sexual Content
skullfuck.mp3,Sexual Content
fuckersucker.mp3,Sexual Content
thundercunt.mp3,Sexual Content
cunnilingus.mp3,Sexual Content
buttfucka.mp3,Sexual Content
bollox.mp3,Sexual Content
jackass.mp3,Sexual Content
arsehole.mp3,Sexual Content
fucktart.mp3,Sexual Content
twatlips.mp3,Sexual Content
lesbian.mp3,Sexual Orientation
nigger.mp3,Ethnic
spick.mp3,Ethnic
punanny.mp3,Sexual Content
fucknut.mp3,Sexual Content
snatch.mp3,Sexual Content
cumtart.mp3,Sexual Content
beaner.mp3,Ethnic
cocknose.mp3,Sexual Content
kyke.mp3,Ethnic
cock.mp3,Sexual Content
bullshit.mp3,Sexual Content
cockmaster.mp3,Sexual Content
shit.mp3,Sexual Content
dickface.mp3,Sexual Content
shitstain.mp3,Sexual Content
dickslap.mp3,Sexual Content
porch monkey.mp3,Ethnic
queerhole.mp3,Sexual Content
fuckwitt.mp3,Sexual Content
tard.mp3,Disability
bollocks.mp3,Sexual Content
twats.mp3,Sexual Content
whore.mp3,Sexual Content
fuckwit.mp3,Sexual Content
fuckwad.mp3,Sexual Content
queef.mp3,Sexual Content
fucked.mp3,Sexual Content
hell.mp3,Religion
jerk off.mp3,Sexual Content
gaydo.mp3,Sexual Orientation
whoreface.mp3,Sexual Content
cracker.mp3,Sexual Content
fuckin.mp3,Sexual Content
cockass.mp3,Sexual Content
bumblefuck.mp3,Sexual Content
coon.mp3,Ethnic
ass-hat.mp3,Sexual Content
dike.mp3,Sexual Orientation
fagtard.mp3,Sexual Content
assbite.mp3,Sexual Content
negro.mp3,Ethnic
homodumbshit.mp3,Sexual Content
cumjockey.mp3,Sexual Content
gayfuck.mp3,Sexual Content
assshit.mp3,Sexual Content
shitcunt.mp3,Sexual Content
shiz.mp3,Vulgarities
testicle.mp3,Sexual Content
asslicker.mp3,Sexual Content
fucktard.mp3,Sexual Content
assmonkey.mp3,Sexual Content
clitfuck.mp3,Sexual Content
hoe.mp3,Sexual Content
dumbshit.mp3,Sexual Content
bitchy.mp3,Sexual Content
blowjob.mp3,Sexual Content
cockmuncher.mp3,Sexual Content
jizz.mp3,Sexual Content
cunt.mp3,Sexual Content
cuntface.mp3,Sexual Content
asses.mp3,Sexual Content
cocksmoke.mp3,Sexual Content
cunthole.mp3,Sexual Content
lezzie.mp3,Sexual Content
hard on.mp3,Sexual Content
asssucker.mp3,Sexual Content
titfuck.mp3,Sexual Content
nutsack.mp3,Sexual Content
twat.mp3,Sexual Content
queerbait.mp3,Sexual Content
dookie.mp3,Vulgarities
motherfucker.mp3,Sexual Content
fatass.mp3,Sexual Content
guido.mp3,Sexual Content
butt plug.mp3,Sexual Content
whorebag.mp3,Sexual Content
gook.mp3,Ethnic
dicksucking.mp3,Sexual Content
va-j-j.mp3,Sexual Content
pollock.mp3,Ethnic
fuck.mp3,Sexual Content
gayass.mp3,Sexual Content
dipshit.mp3,Sexual Content
fuckup.mp3,Sexual Content
dicktickler.mp3,Sexual Content
shithouse.mp3,Sexual Content
chinc.mp3,Sexual Content
cunnie.mp3,Sexual Content
kike.mp3,Religion
damn.mp3,Sexual Content
porchmonkey.mp3,Ethnic
sand nigger.mp3,Ethnic
cockmongruel.mp3,Sexual Content
shitbag.mp3,Sexual Content
shittiest.mp3,Sexual Content
cocknugget.mp3,Sexual Content
fagbag.mp3,Sexual Content
jigaboo.mp3,Sexual Content
clusterfuck.mp3,Sexual Content
gaytard.mp3,Disability
anus.mp3,Sexual Content
fagfucker.mp3,Sexual Content
mcfagget.mp3,Sexual Content
piss.mp3,Sexual Content
bitchtits.mp3,Sexual Content
fuckboy.mp3,Sexual Content
poonany.mp3,Sexual Content
cocksmith.mp3,Sexual Content
ruski.mp3,Ethnic
